customer_id,income,age,owner,education,gender,spend
Cus_1,111000,26,0,College,M,56000
Cus_2,79000,82,0,College,F,29000
Cus_3,42000,72,0,Master,F,17000
Cus_4,83000,54,0,Others,F,24000
Cus_5,70000,66,0,College,F,26000
Cus_6,98000,65,0,Others,F,19000
Cus_7,95000,28,0,Others,F,25000
Cus_8,79000,80,0,Others,F,45000
Cus_9,81000,42,0,College,M,29000
Cus_10,62000,28,0,Others,M,35000
Cus_11,98000,50,0,Others,M,58000
Cus_12,113000,54,0,Others,F,24000
Cus_13,41000,56,0,Master,F,2000
Cus_14,66000,82,1,Bachelor,F,67000
Cus_15,98000,63,0,College,F,36000
Cus_16,98000,68,0,Others,M,45000
Cus_17,95000,48,0,Others,M,71000
Cus_18,113000,36,0,College,M,34000
Cus_19,84000,44,0,College,F,40000
Cus_20,112000,82,1,Master,M,33000
Cus_21,55000,79,0,Master,F,23000
Cus_22,55000,59,0,College,M,48000
Cus_23,97000,68,0,College,M,96000
Cus_24,35000,62,0,College,M,9000
Cus_25,114000,36,0,Bachelor,F,55000
Cus_26,98000,77,0,Master,F,35000
Cus_27,94000,82,0,Others,M,30000
Cus_28,60000,57,0,Others,M,48000
Cus_29,45000,72,0,Bachelor,F,4000
Cus_30,111000,30,0,College,F,39000
Cus_31,65000,45,0,Bachelor,M,30000
Cus_32,65000,26,0,Others,M,44000
Cus_33,64000,82,0,College,M,40000
Cus_34,45000,48,0,College,F,38000
Cus_35,57000,51,0,College,F,24000
Cus_36,99000,41,0,Bachelor,M,72000
Cus_37,37000,71,0,College,F,15000
Cus_38,47000,53,0,Bachelor,F,14000
Cus_39,93000,71,0,Bachelor,M,48000
Cus_40,46000,48,0,College,M,34000
Cus_41,69000,63,0,Others,M,19000
Cus_42,102000,61,0,Bachelor,M,66000
Cus_43,64000,29,0,Others,F,14000
Cus_44,59000,47,0,College,F,36000
Cus_45,60000,41,0,Master,M,60000
Cus_46,64000,55,0,College,M,64000
Cus_47,39000,44,0,Bachelor,M,4000
Cus_48,51000,43,0,Others,F,33000
Cus_50,93000,77,0,College,M,70000
Cus_51,115000,53,0,College,M,57000
Cus_52,60000,61,0,Bachelor,M,35000
Cus_53,45000,46,0,Bachelor,M,40000
Cus_54,115000,61,1,Bachelor,M,54000
Cus_55,113000,67,0,Master,M,67000
Cus_56,66000,82,0,Bachelor,F,36000
Cus_57,96000,34,0,Bachelor,F,32000
Cus_58,50000,82,0,College,F,38000
Cus_59,112000,58,0,Bachelor,F,14000
Cus_60,113000,72,1,Others,M,52000
Cus_61,91000,59,0,Bachelor,F,33000
Cus_62,64000,64,0,Master,F,25000
Cus_63,73000,82,1,Master,M,36000
Cus_65,114000,44,0,College,F,22000
Cus_66,47000,82,0,College,M,9000
Cus_67,78000,66,0,Others,F,28000
Cus_68,82000,76,0,College,M,60000
Cus_69,95000,69,1,Bachelor,M,29000
Cus_70,70000,70,0,Bachelor,M,35000
Cus_71,58000,25,0,Bachelor,F,33000
Cus_72,94000,82,0,College,M,74000
Cus_73,60000,82,0,Others,F,22000
Cus_74,78000,42,0,College,M,45000
Cus_75,114000,63,0,College,M,69000
Cus_77,114000,38,0,Master,F,16000
Cus_78,77000,81,1,Bachelor,M,26000
Cus_79,112000,82,0,Bachelor,F,55000
Cus_80,111000,29,0,Others,F,31000
Cus_81,51000,74,0,Others,F,41000
Cus_82,114000,66,0,College,F,36000
Cus_83,76000,50,1,College,M,59000
Cus_84,92000,62,0,College,F,26000
Cus_85,99000,49,0,College,F,13000
Cus_86,114000,27,0,College,F,36000
Cus_87,113000,29,0,Others,M,51000
Cus_88,76000,58,0,Others,F,29000
Cus_89,57000,48,0,Bachelor,M,52000
Cus_90,114000,39,0,Master,F,44000
Cus_91,79000,76,0,College,F,36000
Cus_92,38000,71,0,Master,M,28000
Cus_93,99000,51,0,Master,M,42000
Cus_94,45000,24,0,Others,F,29000
Cus_95,54000,55,0,College,F,35000
Cus_96,49000,65,0,Bachelor,F,20000
Cus_97,69000,81,0,Others,M,54000
Cus_98,114000,72,1,Master,M,53000
Cus_99,51000,48,0,Bachelor,M,30000
Cus_100,61000,72,0,Master,F,26000
Cus_101,98000,64,0,College,F,42000
Cus_102,63000,45,0,Others,M,44000
Cus_103,37000,82,0,Bachelor,F,20000
Cus_104,113000,28,0,Bachelor,M,48000
Cus_105,112000,73,0,College,F,27000
Cus_106,45000,36,0,Master,F,32000
Cus_107,96000,70,0,College,M,64000
Cus_108,70000,39,0,College,M,58000
Cus_109,97000,82,0,Master,F,37000
Cus_110,60000,58,0,College,M,49000
Cus_111,114000,63,0,Bachelor,M,81000
Cus_112,56000,38,0,College,F,35000
Cus_113,61000,49,0,Master,F,51000
Cus_114,112000,53,0,Master,F,27000
Cus_115,58000,53,0,College,M,50000
Cus_116,58000,45,0,College,M,19000
Cus_117,47000,48,0,College,F,30000
Cus_118,74000,48,0,Others,M,71000
Cus_119,38000,41,0,Bachelor,M,5000
Cus_120,114000,82,1,Bachelor,M,22000
Cus_121,97000,28,0,Master,F,42000
Cus_122,55000,34,0,Bachelor,F,34000
Cus_123,50000,67,1,Bachelor,M,29000
Cus_124,112000,82,0,College,M,68000
Cus_125,43000,38,0,College,M,40000
Cus_126,60000,38,0,College,M,35000
Cus_127,82000,80,0,College,F,54000
Cus_128,99000,51,0,Others,M,59000
Cus_129,63000,67,0,Bachelor,F,37000
Cus_130,113000,37,0,College,M,25000
Cus_131,79000,46,0,Bachelor,F,10000
Cus_132,114000,68,0,Bachelor,F,4000
Cus_133,112000,33,0,College,F,35000
Cus_134,113000,82,1,Master,F,72000
Cus_135,95000,82,1,College,F,58000
Cus_136,61000,54,0,College,F,48000
Cus_137,65000,79,0,College,F,33000
Cus_138,43000,65,0,Others,M,37000
Cus_139,93000,58,0,Others,M,52000
Cus_140,93000,40,0,Others,F,24000
Cus_141,114000,68,0,Bachelor,F,36000
Cus_142,114000,82,1,Master,F,68000
Cus_143,111000,45,0,Bachelor,F,25000
Cus_144,66000,57,0,Master,F,27000
Cus_145,78000,58,0,College,F,31000
Cus_146,113000,78,0,College,F,41000
Cus_147,46000,24,0,Master,F,15000
Cus_148,97000,70,0,Others,F,30000
Cus_149,59000,71,0,College,F,17000
Cus_150,92000,24,0,College,F,35000
Cus_151,40000,63,1,Others,M,48000
Cus_152,113000,59,0,Bachelor,F,48000
Cus_153,92000,49,0,College,M,52000
Cus_154,65000,42,0,Master,F,45000
Cus_155,60000,30,0,Others,F,41000
Cus_156,111000,31,0,College,F,27000
Cus_157,46000,66,0,College,M,13000
Cus_158,45000,78,0,College,M,40000
Cus_159,92000,38,0,Others,M,67000
Cus_160,66000,82,0,Others,M,57000
Cus_161,80000,42,0,Others,F,39000
Cus_162,61000,48,0,Bachelor,F,31000
Cus_163,64000,74,0,College,F,56000
Cus_164,97000,71,0,College,F,33000
Cus_165,63000,82,0,College,F,31000
Cus_166,112000,41,0,Bachelor,F,20000
Cus_167,78000,74,1,Bachelor,M,22000
Cus_168,77000,78,0,College,M,54000
Cus_169,65000,82,0,College,F,45000
Cus_170,112000,43,0,Bachelor,M,37000
Cus_171,85000,25,0,College,F,22000
Cus_172,46000,82,0,Bachelor,F,14000
Cus_173,94000,47,0,Bachelor,M,67000
Cus_174,58000,43,0,College,M,46000
Cus_175,113000,48,0,Bachelor,F,17000
Cus_176,113000,82,0,College,F,35000
Cus_177,92000,38,0,Bachelor,M,43000
Cus_178,74000,82,1,College,F,94000
Cus_179,56000,82,0,Master,M,34000
Cus_180,64000,57,0,College,M,35000
Cus_181,113000,51,0,Bachelor,M,72000
Cus_182,64000,75,0,Others,F,43000
Cus_183,65000,72,0,College,F,18000
Cus_184,78000,53,0,Master,M,70000
Cus_185,114000,65,0,Master,M,106000
Cus_186,113000,64,0,Bachelor,F,38000
Cus_187,24000,43,0,College,M,18000
Cus_188,84000,60,0,College,M,40000
Cus_189,96000,31,0,College,F,35000
Cus_190,111000,28,0,Others,F,25000
Cus_191,63000,29,0,College,M,1000
Cus_192,44000,56,0,College,F,28000
Cus_194,99000,82,0,Bachelor,M,44000
Cus_195,39000,49,0,Others,M,20000
Cus_196,113000,30,0,College,F,22000
Cus_197,46000,38,0,Bachelor,F,17000
Cus_198,71000,45,0,College,F,8000
Cus_199,96000,53,0,College,M,64000
Cus_200,65000,61,0,Others,F,44000
Cus_201,75000,53,0,College,F,25000
Cus_202,74000,32,0,College,M,66000
Cus_203,34000,79,0,Master,M,22000
Cus_204,92000,40,0,College,F,24000
Cus_205,115000,82,0,Others,F,42000
Cus_206,117000,82,1,College,F,44000
Cus_207,60000,72,0,Bachelor,F,27000
Cus_208,116000,49,0,College,F,52000
Cus_209,112000,27,0,College,F,22000
Cus_210,110000,77,0,College,F,17000
Cus_211,113000,82,0,Others,F,14000
Cus_212,60000,67,0,Bachelor,M,47000
Cus_213,98000,59,1,College,M,42000
Cus_214,97000,47,0,Master,F,24000
Cus_215,71000,31,0,Others,F,37000
Cus_216,94000,82,0,Master,F,22000
Cus_217,43000,82,1,Others,F,45000
Cus_218,79000,33,0,Bachelor,F,28000
Cus_219,52000,81,0,Others,M,23000
Cus_220,52000,59,0,Bachelor,M,44000
Cus_221,62000,49,0,College,F,31000
Cus_222,93000,82,0,Master,M,65000
Cus_223,114000,82,0,Master,M,86000
Cus_224,32000,32,0,Others,F,22000
Cus_225,51000,45,0,Others,F,40000
Cus_226,77000,43,0,Bachelor,F,34000
Cus_227,62000,62,0,Others,F,38000
Cus_228,113000,82,0,College,M,48000
Cus_229,49000,44,0,Bachelor,M,35000
Cus_230,113000,58,1,College,F,45000
Cus_231,46000,82,0,Others,M,38000
Cus_232,43000,77,0,Bachelor,M,39000
Cus_233,80000,82,0,College,M,49000
Cus_234,54000,29,0,College,M,35000
Cus_235,44000,45,0,Others,F,6000
Cus_236,98000,82,0,College,F,40000
Cus_237,82000,55,0,Bachelor,F,34000
Cus_238,97000,37,0,Bachelor,M,62000
Cus_239,53000,44,0,College,M,21000
Cus_240,115000,61,0,Others,F,44000
Cus_241,98000,52,1,Master,M,37000
Cus_242,111000,75,0,College,F,15000
Cus_243,114000,45,0,College,M,55000
Cus_244,74000,27,0,College,F,47000
Cus_245,60000,35,0,College,F,11000
Cus_246,53000,82,0,Others,M,36000
Cus_247,100000,45,0,Master,F,28000
Cus_248,114000,44,0,Bachelor,F,21000
Cus_249,113000,71,0,Bachelor,M,77000
Cus_250,75000,27,0,Bachelor,F,18000
Cus_251,93000,26,0,Bachelor,F,34000
Cus_252,79000,39,0,Bachelor,M,55000
Cus_253,63000,64,0,Master,M,39000
Cus_254,66000,44,0,College,F,30000
Cus_255,59000,82,0,College,F,51000
Cus_256,99000,68,0,College,F,37000
Cus_257,76000,82,0,Master,M,18000
Cus_258,60000,46,0,Others,F,37000
Cus_259,98000,80,0,College,F,31000
Cus_260,100000,59,0,College,M,54000
Cus_261,98000,65,0,Master,M,49000
Cus_262,95000,51,0,College,F,38000
Cus_263,95000,32,0,Master,F,27000
Cus_264,116000,56,0,Master,F,48000
Cus_265,40000,69,0,Others,F,29000
Cus_266,81000,82,0,Others,F,28000
Cus_267,113000,82,1,Master,F,49000
Cus_268,83000,61,0,Master,M,74000
Cus_269,59000,33,0,College,M,55000
Cus_270,113000,48,0,Others,F,39000
Cus_271,95000,64,0,Bachelor,M,70000
Cus_272,78000,42,0,Others,M,73000
Cus_273,72000,54,0,Bachelor,M,47000
Cus_274,68000,35,0,Bachelor,M,35000
Cus_275,111000,32,0,Bachelor,F,31000
Cus_276,113000,30,0,Master,M,41000
Cus_277,84000,26,0,College,M,70000
Cus_278,36000,43,0,Others,F,12000
Cus_279,112000,30,0,Others,M,56000
Cus_280,98000,26,0,Others,F,15000
Cus_281,61000,27,0,College,F,34000
Cus_282,47000,32,0,Master,F,46000
Cus_283,82000,25,0,Others,F,34000
Cus_284,114000,33,0,Others,F,20000
Cus_285,46000,47,0,College,F,35000
Cus_286,94000,82,0,Others,M,81000
Cus_287,38000,82,0,Others,F,36000
Cus_288,78000,82,0,Bachelor,M,56000
Cus_289,66000,51,0,Others,F,43000
Cus_290,57000,82,0,Others,M,38000
Cus_291,112000,71,1,College,M,36000
Cus_292,82000,25,0,Bachelor,F,32000
Cus_293,77000,78,0,College,F,35000
Cus_294,99000,46,1,Bachelor,M,36000
Cus_295,97000,46,0,Others,M,70000
Cus_296,112000,48,0,College,M,42000
Cus_297,114000,54,0,College,M,60000
Cus_298,95000,50,0,College,F,22000
Cus_299,114000,53,0,College,F,45000
Cus_300,82000,63,1,Master,M,40000
Cus_301,45000,26,0,Bachelor,M,43000
Cus_302,35000,42,0,College,F,14000
Cus_303,79000,60,0,College,F,51000
Cus_304,90000,75,0,Bachelor,F,31000
Cus_305,67000,37,0,College,F,26000
Cus_306,53000,55,0,College,M,39000
Cus_307,72000,82,0,Others,M,67000
Cus_308,92000,57,0,Bachelor,F,59000
Cus_309,52000,49,0,Bachelor,M,29000
Cus_310,78000,43,0,Others,F,28000
Cus_311,59000,44,0,College,M,34000
Cus_312,59000,41,0,College,M,37000
Cus_313,81000,82,0,Others,F,31000
Cus_314,47000,47,0,College,F,31000
Cus_315,44000,55,0,Others,F,21000
Cus_316,60000,41,0,Others,M,33000
Cus_317,77000,80,0,Others,M,57000
Cus_318,79000,82,0,Others,M,60000
Cus_319,96000,67,0,Others,M,51000
Cus_320,44000,39,0,College,M,16000
Cus_321,97000,48,0,Bachelor,F,33000
Cus_322,79000,41,0,College,F,22000
Cus_323,91000,65,0,College,M,50000
Cus_324,75000,65,0,College,M,30000
Cus_325,50000,64,0,College,M,44000
Cus_326,93000,45,0,Others,M,32000
Cus_327,83000,48,0,Others,F,29000
Cus_328,79000,82,0,Bachelor,M,52000
Cus_329,60000,72,0,College,F,39000
Cus_330,77000,35,0,Bachelor,F,47000
Cus_331,46000,75,0,College,F,36000
Cus_332,113000,82,0,Bachelor,M,69000
Cus_333,65000,57,0,Bachelor,M,59000
Cus_334,67000,38,0,College,M,47000
Cus_335,39000,44,0,College,F,23000
Cus_336,112000,55,0,Bachelor,F,32000
Cus_337,112000,48,0,College,M,94000
Cus_338,112000,72,0,Others,M,41000
Cus_339,99000,35,0,Bachelor,M,41000
Cus_340,97000,62,0,Others,F,24000
Cus_341,43000,39,0,College,F,26000
Cus_342,78000,82,0,College,F,47000
Cus_343,62000,28,0,Bachelor,M,42000
Cus_344,61000,82,0,Bachelor,M,53000
Cus_345,65000,61,0,College,F,42000
Cus_346,51000,35,0,College,M,46000
Cus_347,113000,82,0,Others,M,74000
Cus_348,97000,38,1,College,F,42000
Cus_349,45000,48,0,Others,M,32000
Cus_350,43000,65,1,College,F,48000
Cus_351,55000,37,0,Master,F,48000
Cus_352,70000,55,0,Master,F,31000
Cus_353,114000,60,0,College,F,18000
Cus_354,109000,75,0,Master,M,66000
Cus_355,69000,32,0,Bachelor,F,41000
Cus_356,80000,82,0,Master,M,24000
Cus_357,42000,47,1,Master,F,68000
Cus_358,113000,82,0,Bachelor,M,66000
Cus_359,48000,28,0,College,F,13000
Cus_360,79000,30,0,Bachelor,F,32000
Cus_362,47000,49,0,Others,M,45000
Cus_363,44000,82,0,College,F,43000
Cus_364,98000,82,0,Others,F,39000
Cus_365,65000,37,0,Bachelor,M,15000
Cus_366,71000,81,0,Others,M,58000
Cus_367,46000,75,1,Others,F,78000
Cus_368,54000,82,1,Bachelor,M,54000
Cus_369,94000,82,1,College,F,98000
Cus_370,97000,30,0,Others,F,28000
Cus_371,115000,71,0,Bachelor,M,27000
Cus_372,113000,47,0,College,F,16000
Cus_373,93000,52,0,Bachelor,F,21000
Cus_374,49000,32,0,College,F,18000
Cus_375,67000,59,0,Master,F,19000
Cus_376,113000,72,0,College,F,25000
Cus_377,114000,29,0,Others,F,39000
Cus_378,111000,25,0,College,M,45000
Cus_379,97000,74,1,Others,M,37000
Cus_380,52000,82,0,College,F,40000
Cus_381,64000,82,0,College,M,61000
Cus_382,114000,56,1,Bachelor,M,36000
Cus_383,78000,51,0,Others,M,43000
Cus_384,93000,48,0,College,F,49000
Cus_385,59000,33,0,College,F,36000
Cus_386,95000,49,0,Others,F,15000
Cus_387,69000,68,0,Bachelor,F,27000
Cus_388,46000,82,1,Bachelor,M,23000
Cus_389,61000,76,0,Bachelor,M,51000
Cus_390,113000,82,1,Bachelor,F,36000
Cus_391,86000,54,0,College,F,20000
Cus_392,57000,51,0,Others,F,57000
Cus_393,73000,78,0,College,F,48000
Cus_394,93000,42,0,Others,F,43000
Cus_395,95000,51,0,Others,F,29000
Cus_396,113000,82,1,Bachelor,M,38000
Cus_397,113000,34,0,College,F,41000
Cus_398,98000,65,1,Bachelor,M,31000
Cus_399,75000,27,0,Master,F,39000
Cus_400,87000,82,0,College,M,46000
Cus_401,111000,77,1,College,M,56000
Cus_402,96000,75,0,Bachelor,M,49000
Cus_403,44000,72,1,Others,F,47000
Cus_404,112000,78,0,College,M,75000
Cus_405,66000,82,0,College,M,30000
Cus_406,46000,71,0,College,M,26000
Cus_407,66000,32,0,Others,F,31000
Cus_408,45000,25,0,College,F,23000
Cus_409,78000,82,0,Others,F,32000
Cus_410,61000,82,1,Master,F,59000
Cus_411,27000,48,0,Bachelor,F,26000
Cus_412,46000,25,1,College,F,69000
Cus_413,98000,65,0,College,M,57000
Cus_414,63000,75,1,Bachelor,M,48000
Cus_415,84000,24,0,College,M,62000
Cus_416,78000,61,0,Bachelor,M,56000
Cus_417,75000,61,0,College,F,26000
Cus_418,82000,34,0,Bachelor,M,62000
Cus_419,113000,55,0,Bachelor,F,48000
Cus_420,81000,52,0,College,F,39000
Cus_421,53000,82,0,Bachelor,F,26000
Cus_422,95000,25,0,College,M,49000
Cus_423,99000,38,0,Bachelor,F,31000
Cus_424,91000,50,0,College,F,41000
Cus_425,58000,82,0,College,M,33000
Cus_426,111000,67,0,College,M,41000
Cus_427,57000,41,0,Others,F,11000
Cus_428,81000,82,0,Bachelor,F,34000
Cus_429,76000,59,0,Others,M,11000
Cus_430,113000,43,0,Master,F,52000
Cus_431,95000,82,0,Master,F,31000
Cus_432,114000,66,0,Bachelor,F,33000
Cus_433,64000,35,0,Bachelor,M,57000
Cus_434,69000,51,0,College,M,66000
Cus_435,61000,77,0,Others,M,39000
Cus_436,89000,64,1,,F,110000
Cus_437,102000,60,0,College,F,24000
Cus_438,80000,48,0,Others,F,27000
Cus_439,41000,50,0,Bachelor,F,20000
Cus_440,79000,78,1,Bachelor,M,55000
Cus_441,44000,52,0,Others,M,41000
Cus_442,113000,50,0,College,M,72000
Cus_443,114000,66,0,College,F,49000
Cus_444,41000,45,0,College,F,22000
Cus_445,67000,54,0,College,M,67000
Cus_446,96000,35,0,Bachelor,M,41000
Cus_447,95000,82,0,College,M,54000
Cus_448,48000,82,0,Master,M,26000
Cus_449,60000,49,0,Bachelor,M,38000
Cus_450,62000,56,0,Bachelor,F,37000
Cus_451,39000,82,0,Others,M,14000
Cus_452,79000,34,0,Master,F,47000
Cus_453,81000,57,0,Bachelor,F,28000
Cus_454,81000,67,0,Master,M,20000
Cus_455,64000,56,0,College,M,42000
Cus_456,71000,58,0,College,F,42000
Cus_457,55000,72,0,Bachelor,F,23000
Cus_458,96000,66,0,College,F,46000
Cus_459,95000,60,0,College,F,35000
Cus_460,70000,82,0,College,M,23000
Cus_461,49000,31,0,Bachelor,F,32000
Cus_462,112000,59,0,Others,M,70000
Cus_463,95000,32,0,College,F,21000
Cus_464,41000,82,0,College,F,24000
Cus_465,36000,81,0,College,F,28000
Cus_466,49000,65,0,Master,F,39000
Cus_467,114000,75,0,College,M,61000
Cus_468,31000,64,0,Others,F,22000
Cus_469,112000,43,0,College,F,21000
Cus_470,80000,63,0,College,F,30000
Cus_471,42000,48,0,Others,F,38000
Cus_472,113000,82,0,Others,F,23000
Cus_473,98000,74,0,College,F,44000
Cus_474,113000,44,0,Bachelor,F,48000
Cus_475,36000,34,0,Others,M,22000
Cus_476,113000,34,0,Bachelor,F,48000
Cus_477,41000,27,0,College,F,17000
Cus_478,80000,57,0,Others,M,50000
Cus_479,48000,82,1,Bachelor,M,33000
Cus_480,36000,51,0,College,F,35000
Cus_481,70000,82,1,Bachelor,F,50000
Cus_482,43000,60,0,College,F,32000
Cus_483,85000,46,0,College,M,32000
Cus_484,60000,37,0,Bachelor,F,18000
Cus_485,57000,65,0,College,F,47000
Cus_486,114000,82,0,Master,F,45000
Cus_487,80000,44,0,College,F,14000
Cus_488,113000,41,0,Others,M,45000
Cus_489,69000,41,0,Bachelor,M,54000
Cus_490,81000,58,0,Bachelor,F,35000
Cus_491,78000,82,0,Others,F,43000
Cus_492,65000,79,0,Master,M,37000
Cus_493,112000,57,0,Others,M,96000
Cus_494,96000,31,0,Bachelor,F,23000
Cus_495,43000,70,0,Bachelor,M,37000
Cus_496,100000,53,0,Bachelor,F,27000
Cus_497,90000,42,0,Bachelor,F,31000
Cus_498,113000,37,0,Others,F,16000
Cus_500,77000,65,0,College,M,48000
Cus_501,73000,82,1,College,F,55000
Cus_502,63000,63,0,College,F,23000
Cus_503,94000,67,1,Bachelor,F,47000
Cus_504,67000,53,0,College,M,49000
Cus_505,80000,35,0,College,F,28000
Cus_506,111000,70,1,Master,M,37000
Cus_507,115000,49,0,College,M,72000
Cus_508,114000,41,0,College,F,31000
Cus_509,96000,56,0,Others,F,41000
Cus_510,71000,72,0,College,M,43000
Cus_511,84000,75,0,Others,F,37000
Cus_512,37000,82,0,Bachelor,F,28000
Cus_513,77000,32,0,College,F,53000
Cus_514,42000,31,0,College,M,33000
Cus_515,40000,50,0,Others,F,22000
Cus_516,100000,80,0,Bachelor,M,61000
Cus_517,50000,32,0,College,F,39000
Cus_518,113000,82,0,College,F,24000
Cus_519,98000,63,1,College,F,60000
Cus_520,34000,35,0,Bachelor,M,28000
Cus_521,62000,68,0,College,M,22000
Cus_522,47000,69,1,Bachelor,M,37000
Cus_523,78000,34,0,Others,F,25000
Cus_524,45000,82,0,Bachelor,M,17000
Cus_525,63000,58,0,Bachelor,M,18000
Cus_526,42000,40,0,College,M,36000
Cus_527,98000,47,0,College,F,38000
Cus_528,97000,34,0,Bachelor,M,31000
Cus_529,113000,75,0,College,F,37000
Cus_530,113000,76,0,Bachelor,F,21000
Cus_531,113000,52,0,College,F,42000
Cus_532,97000,60,0,Bachelor,F,42000
Cus_533,62000,43,0,Others,F,62000
Cus_534,113000,82,0,Bachelor,M,94000
Cus_535,113000,31,0,College,M,81000
Cus_536,113000,44,0,College,F,27000
Cus_537,58000,46,0,Bachelor,M,28000
Cus_538,64000,62,0,College,M,57000
Cus_539,114000,78,0,Others,M,38000
Cus_540,48000,47,0,Bachelor,F,7000
Cus_541,111000,63,0,College,M,92000
Cus_542,113000,82,1,Master,M,44000
Cus_543,113000,82,0,College,F,33000
Cus_544,54000,51,0,Bachelor,F,43000
Cus_545,94000,40,0,College,F,34000
Cus_546,76000,76,0,College,M,50000
Cus_547,29000,38,0,Bachelor,F,22000
Cus_548,112000,47,0,College,F,41000
Cus_549,94000,71,0,College,M,89000
Cus_550,79000,82,1,Bachelor,F,61000
Cus_551,47000,72,0,Master,M,4000
Cus_552,114000,36,0,Master,M,43000
Cus_553,64000,24,0,College,F,28000
Cus_554,94000,71,1,College,M,48000
Cus_555,54000,82,0,Bachelor,M,51000
Cus_556,56000,33,0,Bachelor,F,21000
Cus_557,55000,67,0,Master,M,29000
Cus_558,75000,28,0,Others,F,36000
Cus_559,114000,35,0,Master,F,8000
Cus_560,95000,30,0,College,M,58000
Cus_562,83000,82,0,Master,F,28000
Cus_563,101000,42,0,College,F,27000
Cus_564,98000,67,0,College,F,29000
Cus_565,98000,38,0,Others,M,46000
Cus_566,92000,82,1,Master,F,43000
Cus_567,61000,82,0,College,F,28000
Cus_568,46000,82,1,College,M,50000
Cus_569,65000,82,0,Others,F,43000
Cus_570,113000,75,0,College,F,32000
Cus_571,96000,52,0,College,F,26000
Cus_572,78000,60,0,Bachelor,M,69000
Cus_573,115000,82,0,College,F,43000
Cus_574,115000,67,0,Others,F,41000
Cus_575,96000,42,0,Bachelor,F,40000
Cus_576,92000,47,0,College,M,82000
Cus_577,72000,74,0,Bachelor,F,41000
Cus_578,67000,60,1,Bachelor,F,87000
Cus_579,74000,82,0,Bachelor,F,36000
Cus_580,94000,82,0,Master,F,27000
Cus_581,77000,70,0,Master,F,37000
Cus_582,77000,66,0,College,M,50000
Cus_583,92000,42,0,College,M,73000
Cus_584,97000,80,0,Master,M,62000
Cus_585,76000,39,0,College,M,67000
Cus_586,82000,59,0,College,M,25000
Cus_587,112000,49,0,College,F,30000
Cus_588,97000,51,0,Master,M,52000
Cus_589,113000,34,0,College,F,18000
Cus_590,61000,82,0,Bachelor,M,13000
Cus_591,64000,36,0,College,F,33000
Cus_592,102000,82,0,Bachelor,F,26000
Cus_593,73000,82,0,Others,M,70000
Cus_594,73000,63,0,Others,F,34000
Cus_595,37000,51,0,Others,F,19000
Cus_596,94000,51,1,Bachelor,M,42000
Cus_597,47000,45,0,Bachelor,F,23000
Cus_598,85000,52,0,Bachelor,M,57000
Cus_599,43000,82,1,College,M,35000
Cus_600,79000,58,0,Bachelor,M,70000
Cus_601,34000,75,0,Bachelor,M,5000
Cus_602,112000,59,0,Others,F,25000
Cus_603,93000,27,0,College,M,84000
Cus_604,63000,29,0,Others,F,19000
Cus_605,112000,82,1,Master,M,48000
Cus_606,113000,44,0,Others,M,39000
Cus_607,92000,78,1,Master,M,59000
Cus_608,46000,79,0,College,M,2000
Cus_609,74000,80,0,Bachelor,F,22000
Cus_610,82000,70,0,Others,M,32000
Cus_611,114000,51,0,Bachelor,F,18000
Cus_612,42000,68,0,College,F,35000
Cus_613,81000,26,0,Others,M,56000
Cus_614,44000,48,0,Others,M,34000
Cus_615,60000,72,0,College,M,43000
Cus_616,61000,79,0,College,F,18000
Cus_617,68000,73,0,Others,F,37000
Cus_618,113000,52,0,Bachelor,M,37000
Cus_619,111000,66,0,College,M,86000
Cus_620,38000,82,0,Others,F,16000
Cus_621,102000,72,0,College,M,55000
Cus_622,66000,72,0,College,M,63000
Cus_623,97000,28,0,Bachelor,M,36000
Cus_624,112000,27,0,Master,F,40000
Cus_625,114000,34,0,College,F,29000
Cus_626,94000,82,1,College,M,54000
Cus_627,86000,31,0,Others,F,22000
Cus_628,101000,72,0,Bachelor,M,77000
Cus_629,112000,70,0,College,F,21000
Cus_630,39000,37,0,Master,F,12000
Cus_631,113000,82,0,College,F,36000
Cus_632,75000,32,0,Bachelor,F,39000
Cus_633,80000,82,0,Master,M,77000
Cus_634,95000,42,0,Bachelor,M,30000
Cus_635,68000,60,0,Master,M,40000
Cus_636,45000,82,0,College,M,21000
Cus_637,94000,79,1,Bachelor,M,34000
Cus_638,88000,82,0,Others,M,51000
Cus_639,100000,82,0,Master,M,31000
Cus_640,79000,82,1,Bachelor,F,32000
Cus_641,81000,75,0,Bachelor,F,25000
Cus_642,85000,63,0,Master,F,41000
Cus_643,51000,39,0,Bachelor,M,34000
Cus_644,98000,40,0,Bachelor,M,31000
Cus_645,63000,82,0,Bachelor,F,51000
Cus_646,80000,30,0,Others,F,39000
Cus_647,97000,71,0,Bachelor,F,41000
Cus_648,99000,50,0,Bachelor,F,41000
Cus_649,50000,36,0,Bachelor,M,29000
Cus_650,93000,38,0,College,F,17000
Cus_651,98000,62,0,College,M,37000
Cus_652,100000,62,0,Bachelor,F,35000
Cus_653,50000,82,0,College,M,13000
Cus_654,113000,46,0,College,F,41000
Cus_655,95000,82,0,College,F,23000
Cus_656,114000,29,0,Others,F,58000
Cus_657,65000,77,0,Others,F,13000
Cus_658,57000,57,0,College,M,43000
Cus_659,96000,82,0,Bachelor,F,46000
Cus_660,66000,49,0,Others,F,26000
Cus_661,42000,73,0,Bachelor,M,5000
Cus_662,55000,77,0,College,F,37000
Cus_663,40000,82,0,College,F,22000
Cus_664,112000,41,0,College,F,32000
Cus_665,57000,37,0,Others,M,13000
Cus_666,36000,52,0,College,M,3000
Cus_667,78000,31,0,College,M,67000
Cus_668,79000,51,0,Bachelor,M,67000
Cus_669,91000,46,0,Others,M,71000
Cus_670,113000,46,0,College,M,76000
Cus_671,96000,74,0,Bachelor,M,55000
Cus_672,99000,25,0,College,F,31000
Cus_673,41000,72,0,Others,F,34000
Cus_674,61000,74,0,College,M,49000
Cus_675,41000,32,0,Master,F,16000
Cus_676,39000,67,0,Bachelor,F,22000
Cus_677,82000,40,0,College,F,22000
Cus_678,113000,33,0,College,F,5000
Cus_679,45000,55,0,College,F,10000
Cus_680,113000,74,1,Bachelor,F,88000
Cus_681,68000,67,0,College,M,53000
Cus_682,52000,71,0,Master,F,39000
Cus_683,47000,24,0,Bachelor,F,28000
Cus_684,80000,58,0,Bachelor,M,17000
Cus_685,43000,36,0,College,M,34000
Cus_686,78000,71,0,Others,M,75000
Cus_687,79000,30,0,College,M,38000
Cus_689,92000,82,0,College,F,34000
Cus_690,115000,57,0,Bachelor,M,91000
Cus_691,112000,62,0,College,M,79000
Cus_692,47000,39,0,Master,M,26000
Cus_693,96000,76,0,Others,F,30000
Cus_694,89000,55,0,College,F,40000
Cus_695,61000,82,0,Bachelor,F,23000
Cus_696,42000,57,0,Bachelor,F,33000
Cus_697,49000,28,0,College,F,30000
Cus_698,70000,82,0,Bachelor,M,52000
Cus_699,80000,82,1,Others,M,37000
Cus_700,84000,34,0,Bachelor,M,54000
Cus_701,84000,57,0,Bachelor,F,14000
Cus_702,85000,66,0,Master,F,43000
Cus_703,37000,82,0,College,F,37000
Cus_704,42000,70,0,Bachelor,F,19000
Cus_705,49000,79,0,College,F,31000
Cus_706,93000,59,0,Bachelor,M,63000
Cus_707,80000,27,0,Others,F,21000
Cus_708,98000,26,0,College,F,28000
Cus_709,52000,42,0,Bachelor,F,11000
Cus_710,50000,82,0,College,F,37000
Cus_711,49000,51,0,Others,F,31000
Cus_712,100000,79,0,College,M,53000
Cus_713,61000,30,0,Others,M,60000
Cus_714,59000,36,0,Bachelor,F,40000
Cus_715,75000,82,0,College,F,42000
Cus_716,44000,82,1,Master,M,39000
Cus_717,111000,47,0,Bachelor,F,18000
Cus_718,73000,82,0,Others,F,31000
Cus_719,41000,51,0,College,F,23000
Cus_720,94000,48,0,Bachelor,M,87000
Cus_721,97000,43,0,Others,M,42000
Cus_722,60000,82,1,Others,M,41000
Cus_723,112000,80,0,Bachelor,F,29000
Cus_724,73000,82,0,College,F,37000
Cus_725,99000,41,0,Bachelor,F,27000
Cus_726,95000,38,0,Bachelor,M,59000
Cus_727,115000,29,0,College,F,32000
Cus_728,44000,63,0,Bachelor,F,40000
Cus_729,77000,82,1,Master,M,49000
Cus_730,80000,72,0,Bachelor,M,70000
Cus_731,71000,43,0,Others,F,27000
Cus_732,70000,70,0,Others,M,18000
Cus_733,37000,33,0,College,F,23000
Cus_734,94000,55,0,Master,M,93000
Cus_735,58000,50,0,Master,F,45000
Cus_736,113000,45,0,Others,M,48000
Cus_737,72000,50,0,College,M,20000
Cus_738,61000,39,0,College,F,41000
Cus_739,98000,59,0,Bachelor,F,40000
Cus_740,51000,64,0,Others,F,31000
Cus_741,99000,41,0,College,M,66000
Cus_742,44000,24,0,Others,F,34000
Cus_743,59000,53,0,College,M,24000
Cus_744,32000,55,0,College,M,25000
Cus_745,76000,34,0,Others,F,39000
Cus_746,114000,24,1,Bachelor,M,31000
Cus_747,98000,46,0,Others,F,25000
Cus_748,47000,40,0,College,M,16000
Cus_749,96000,63,0,College,M,59000
Cus_750,111000,51,0,College,M,67000
Cus_751,115000,44,0,Bachelor,F,28000
Cus_752,65000,52,0,College,F,19000
Cus_753,45000,67,0,College,M,16000
Cus_754,70000,82,0,College,F,39000
Cus_755,66000,70,0,College,M,26000
Cus_756,100000,24,0,College,F,31000
Cus_757,94000,82,0,Bachelor,F,59000
Cus_758,94000,80,1,Bachelor,F,55000
Cus_759,101000,82,0,College,F,51000
Cus_760,114000,56,0,College,F,57000
Cus_761,61000,41,0,College,F,25000
Cus_762,112000,57,0,Bachelor,M,73000
Cus_763,52000,38,0,College,F,26000
Cus_765,44000,37,0,Others,M,21000
Cus_766,78000,58,0,Others,M,34000
Cus_767,77000,66,0,Bachelor,M,63000
Cus_768,115000,50,0,Bachelor,M,63000
Cus_769,66000,60,0,College,F,31000
Cus_770,80000,56,0,College,M,30000
Cus_771,112000,50,0,Bachelor,M,83000
Cus_772,37000,40,0,College,F,11000
Cus_773,113000,52,0,Bachelor,F,28000
Cus_774,70000,82,1,College,M,42000
Cus_775,43000,75,0,College,M,12000
Cus_776,94000,42,1,Bachelor,M,52000
Cus_777,96000,33,0,College,F,33000
Cus_778,114000,74,0,College,M,10000
Cus_779,80000,82,0,Bachelor,M,45000
Cus_780,81000,57,0,College,F,30000
Cus_781,112000,74,0,Others,F,45000
Cus_782,55000,31,0,College,M,49000
Cus_783,113000,36,0,College,F,31000
Cus_784,88000,77,0,Others,M,58000
Cus_785,111000,54,0,College,F,37000
Cus_786,63000,65,0,Bachelor,F,17000
Cus_787,72000,77,0,Master,M,64000
Cus_788,94000,82,1,Others,M,48000
Cus_789,59000,77,1,Master,M,51000
Cus_790,112000,34,0,Master,M,76000
Cus_791,59000,48,0,Others,F,41000
Cus_792,113000,28,0,College,F,15000
Cus_793,62000,81,0,Others,M,38000
Cus_794,63000,69,0,Bachelor,F,25000
Cus_795,67000,35,0,College,F,27000
Cus_796,44000,59,0,College,M,14000
Cus_797,67000,41,0,Others,M,31000
Cus_798,63000,43,0,College,M,8000
Cus_799,113000,81,0,College,M,67000
Cus_800,39000,58,0,Bachelor,F,34000
Cus_801,66000,37,0,College,F,38000
Cus_802,90000,38,0,Master,F,28000
Cus_803,98000,53,0,College,M,50000
Cus_804,38000,45,0,Master,F,17000
Cus_805,71000,36,0,Bachelor,M,63000
Cus_806,114000,26,0,Others,F,22000
Cus_807,96000,69,0,College,F,13000
Cus_808,46000,35,0,College,F,45000
Cus_809,111000,52,0,Others,M,89000
Cus_810,101000,60,0,Bachelor,F,18000
Cus_811,56000,55,1,Bachelor,M,48000
Cus_812,60000,52,0,College,M,51000
Cus_813,95000,54,0,Bachelor,M,56000
Cus_814,113000,30,0,Master,M,49000
Cus_815,42000,66,0,Bachelor,M,6000
Cus_816,113000,60,0,Master,M,81000
Cus_817,94000,58,0,College,F,33000
Cus_818,95000,61,0,College,F,33000
Cus_819,78000,65,0,Others,M,68000
Cus_820,96000,46,0,College,F,22000
Cus_821,68000,52,0,Bachelor,M,47000
Cus_822,76000,65,0,Bachelor,F,32000
Cus_823,97000,68,1,Bachelor,M,45000
Cus_824,81000,57,0,Bachelor,F,36000
Cus_825,99000,43,0,Bachelor,M,47000
Cus_826,113000,50,0,College,M,53000
Cus_827,97000,58,0,College,M,43000
Cus_828,75000,44,0,College,F,16000
Cus_829,113000,82,0,Others,M,78000
Cus_830,97000,82,0,College,F,37000
Cus_831,112000,70,0,College,M,73000
Cus_832,56000,61,0,Master,M,21000
Cus_833,49000,79,0,Others,M,47000
Cus_834,114000,73,1,Master,M,23000
Cus_835,113000,41,1,Master,F,77000
Cus_836,99000,82,0,Others,F,43000
Cus_837,67000,68,1,Bachelor,M,53000
Cus_838,94000,64,0,Bachelor,F,38000
Cus_839,64000,24,0,Others,F,33000
Cus_840,113000,71,1,Master,M,24000
Cus_841,63000,49,0,Bachelor,F,32000
Cus_842,76000,35,0,Bachelor,F,30000
Cus_843,96000,49,0,Master,F,61000
Cus_844,58000,56,0,College,M,14000
Cus_845,114000,80,0,College,F,35000
Cus_846,47000,82,0,Master,M,8000
Cus_847,99000,80,0,College,F,34000
Cus_848,80000,66,0,College,F,25000
Cus_849,79000,58,0,College,M,8000
Cus_850,100000,75,0,College,M,33000
Cus_851,115000,76,0,Master,F,25000
Cus_852,80000,53,0,College,F,37000
Cus_853,51000,25,0,Bachelor,M,11000
Cus_854,98000,41,0,College,F,38000
Cus_855,113000,32,0,Others,F,42000
Cus_856,113000,58,0,Others,M,48000
Cus_857,98000,36,0,College,F,42000
Cus_858,112000,72,0,College,M,71000
Cus_859,36000,50,0,College,M,13000
Cus_860,99000,75,0,College,M,55000
Cus_861,96000,42,1,Bachelor,F,69000
Cus_862,74000,65,1,College,M,33000
Cus_863,93000,82,1,College,M,39000
Cus_864,78000,43,0,Bachelor,F,28000
Cus_865,56000,50,0,Bachelor,F,34000
Cus_866,60000,58,0,College,F,36000
Cus_867,58000,67,0,College,F,39000
Cus_868,93000,43,0,Others,M,66000
Cus_869,75000,62,0,Master,F,31000
Cus_870,103000,64,0,Others,F,30000
Cus_871,98000,72,1,Bachelor,M,29000
Cus_872,66000,34,0,Others,M,46000
Cus_873,95000,49,0,Bachelor,F,37000
Cus_874,57000,82,0,Bachelor,F,54000
Cus_875,114000,44,0,Bachelor,F,25000
Cus_876,67000,39,0,College,M,61000
Cus_877,55000,59,0,College,F,36000
Cus_878,98000,76,0,Bachelor,F,52000
Cus_879,82000,76,1,College,M,42000
Cus_880,41000,47,0,College,M,36000
Cus_881,64000,46,0,Master,M,9000
Cus_882,80000,55,0,College,M,29000
Cus_883,93000,27,0,Bachelor,F,34000
Cus_884,57000,74,0,College,M,39000
Cus_885,53000,82,0,Others,M,9000
Cus_886,97000,71,0,Master,M,67000
Cus_887,79000,63,1,Bachelor,F,73000
Cus_888,64000,82,0,Bachelor,F,24000
Cus_889,82000,44,0,College,F,25000
Cus_890,48000,52,0,Others,F,11000
Cus_891,97000,52,0,Others,F,34000
Cus_892,81000,58,1,Others,F,85000
Cus_893,96000,82,0,Bachelor,F,22000
Cus_894,55000,82,0,Bachelor,F,35000
Cus_895,100000,28,0,College,F,27000
Cus_896,65000,73,0,College,F,41000
Cus_897,77000,37,0,Bachelor,M,55000
Cus_898,58000,82,0,College,F,43000
Cus_899,77000,82,0,Master,M,41000
Cus_900,95000,82,0,Others,M,61000
Cus_901,94000,54,0,College,F,27000
Cus_902,97000,71,0,Bachelor,F,29000
Cus_903,68000,65,0,Others,F,33000
Cus_904,113000,67,1,Bachelor,F,65000
Cus_905,97000,33,0,Master,F,46000
Cus_906,93000,41,0,Bachelor,M,76000
Cus_907,57000,81,0,Bachelor,F,33000
Cus_908,114000,33,0,College,M,60000
Cus_909,81000,72,1,College,M,17000
Cus_910,50000,82,0,Master,F,36000
Cus_911,89000,44,0,College,F,27000
Cus_912,113000,69,0,Bachelor,F,34000
Cus_913,41000,63,0,Master,F,28000
Cus_914,92000,26,0,College,F,16000
Cus_915,64000,56,0,Bachelor,M,47000
Cus_916,96000,79,0,Others,F,46000
Cus_917,112000,74,0,Bachelor,M,76000
Cus_918,114000,82,1,College,F,72000
Cus_919,116000,82,0,Bachelor,F,35000
Cus_920,52000,49,0,Master,F,30000
Cus_921,58000,34,0,Others,F,46000
Cus_922,54000,73,0,Master,M,44000
Cus_923,97000,75,0,College,M,42000
Cus_924,114000,73,0,Others,M,83000
Cus_925,78000,32,1,College,M,56000
Cus_926,93000,65,0,Others,F,48000
Cus_927,74000,82,0,Bachelor,M,33000
Cus_928,63000,52,0,Others,F,45000
Cus_929,94000,51,0,College,F,13000
Cus_930,113000,82,0,Bachelor,F,16000
Cus_931,75000,47,0,Others,M,63000
Cus_932,42000,75,0,Others,F,37000
Cus_933,116000,82,1,Master,M,19000
Cus_934,47000,74,0,College,F,32000
Cus_935,76000,46,0,Others,M,39000
Cus_936,55000,54,0,Bachelor,M,39000
Cus_937,58000,70,0,Others,M,44000
Cus_938,81000,80,0,Bachelor,F,30000
Cus_939,69000,64,0,Bachelor,M,40000
Cus_940,81000,62,1,Bachelor,M,43000
Cus_941,91000,33,0,Bachelor,M,34000
Cus_942,102000,34,0,Others,F,38000
Cus_943,65000,81,0,College,F,20000
Cus_944,116000,48,0,Master,M,31000
Cus_945,75000,54,0,College,F,22000
Cus_946,96000,51,0,Others,M,61000
Cus_947,80000,29,0,Master,F,42000
Cus_948,58000,74,0,Bachelor,F,17000
Cus_949,91000,64,0,College,M,76000
Cus_950,90000,82,0,College,M,90000
Cus_951,37000,53,1,Master,M,30000
Cus_952,41000,82,0,Bachelor,M,27000
Cus_953,54000,82,0,College,F,52000
Cus_954,96000,48,0,College,F,38000
Cus_955,99000,82,0,College,F,35000
Cus_956,57000,38,0,Others,F,37000
Cus_957,58000,46,0,College,M,23000
Cus_958,83000,60,0,College,M,68000
Cus_959,77000,32,0,Others,F,54000
Cus_960,56000,36,0,College,F,23000
Cus_961,112000,39,0,Bachelor,F,43000
Cus_962,82000,60,0,College,M,69000
Cus_963,62000,74,0,College,F,46000
Cus_964,77000,43,0,College,M,55000
Cus_965,98000,45,0,College,M,56000
Cus_966,65000,27,0,Others,M,45000
Cus_967,35000,44,0,College,F,22000
Cus_968,94000,25,0,Master,M,70000
Cus_969,55000,59,0,Bachelor,M,50000
Cus_970,103000,74,0,Master,F,40000
Cus_971,114000,59,0,Bachelor,F,39000
Cus_972,59000,66,0,Others,F,27000
Cus_973,80000,36,0,College,M,75000
Cus_974,93000,75,0,Bachelor,M,79000
Cus_975,114000,56,0,Bachelor,M,67000
Cus_976,38000,35,0,Others,F,14000
Cus_977,77000,68,0,Bachelor,F,30000
Cus_978,111000,77,1,College,M,60000
Cus_979,112000,45,0,College,M,66000
Cus_980,95000,52,0,Bachelor,M,95000
Cus_981,80000,70,1,Master,M,41000
Cus_982,62000,58,0,Master,M,17000
Cus_983,35000,32,0,College,M,8000
Cus_984,68000,40,1,Bachelor,F,84000
Cus_985,84000,33,0,Bachelor,M,65000
Cus_986,49000,82,0,College,F,37000
Cus_987,78000,44,0,Bachelor,M,63000
Cus_988,95000,58,0,College,F,23000
Cus_989,47000,49,1,Bachelor,F,73000
Cus_990,58000,40,0,Bachelor,M,47000
Cus_991,98000,25,0,Bachelor,M,70000
Cus_992,113000,82,0,Bachelor,M,50000
Cus_994,58000,52,0,Others,F,34000
Cus_995,64000,82,1,Bachelor,F,61000
Cus_996,48000,55,0,Others,M,37000
Cus_997,85000,39,0,College,F,55000
Cus_998,93000,63,0,College,F,38000
Cus_999,92000,47,0,Bachelor,M,79000
Cus_1000,112000,76,1,Master,M,39000
Cus_1001,76000,82,1,Bachelor,F,69000
Cus_1002,95000,39,0,College,F,12000
Cus_1003,112000,41,0,Bachelor,M,63000
Cus_1004,109000,29,0,Bachelor,F,59000
Cus_1006,63000,67,0,College,F,35000
Cus_1007,114000,41,1,Master,M,55000
Cus_1008,112000,82,0,Others,M,22000
Cus_1009,62000,65,0,Bachelor,M,26000
Cus_1010,116000,75,0,College,M,58000
Cus_1011,97000,35,0,College,F,17000
Cus_1012,114000,72,1,Bachelor,M,36000
Cus_1013,78000,82,0,College,F,26000
Cus_1014,57000,37,0,Bachelor,F,18000
Cus_1015,98000,26,0,Others,M,72000
Cus_1016,84000,81,1,Master,M,32000
Cus_1017,103000,82,1,Bachelor,M,27000
Cus_1018,73000,68,0,College,M,34000
Cus_1019,60000,39,0,Master,M,55000
Cus_1020,114000,40,0,Bachelor,F,28000
Cus_1021,100000,56,0,Bachelor,M,24000
Cus_1022,38000,33,0,Bachelor,M,34000
Cus_1023,79000,25,0,Bachelor,F,31000
Cus_1024,50000,25,0,Master,F,47000
Cus_1025,95000,63,0,Others,F,36000
Cus_1026,77000,69,0,Others,F,24000
Cus_1027,98000,33,1,Master,M,48000
Cus_1028,47000,32,0,Master,F,26000
Cus_1029,111000,82,0,Master,M,22000
Cus_1030,114000,43,0,College,F,52000
Cus_1031,80000,29,0,Bachelor,F,33000
Cus_1032,62000,79,0,College,F,30000
Cus_1033,95000,80,1,Master,M,18000
Cus_1034,60000,36,0,Others,F,19000
Cus_1035,41000,82,0,Master,F,33000
Cus_1036,61000,33,0,Bachelor,M,45000
Cus_1037,95000,30,0,College,F,33000
Cus_1038,82000,74,0,Bachelor,F,39000
Cus_1039,70000,41,0,College,M,68000
Cus_1040,71000,82,0,Bachelor,M,43000
Cus_1041,65000,56,0,Master,M,63000
Cus_1042,80000,65,0,College,F,40000
Cus_1043,113000,33,0,Others,F,56000
Cus_1044,96000,28,0,Others,M,48000
Cus_1045,51000,81,0,College,F,44000
Cus_1046,80000,82,0,Master,F,12000
Cus_1047,115000,27,0,Bachelor,M,68000
Cus_1048,102000,52,0,Master,F,32000
Cus_1049,115000,31,0,Master,F,27000
Cus_1050,60000,76,0,Others,F,31000
Cus_1051,113000,36,0,Master,F,35000
Cus_1052,59000,35,0,Bachelor,M,52000
Cus_1053,96000,67,0,College,F,1000
Cus_1054,95000,38,0,College,M,89000
Cus_1055,57000,65,0,Others,M,44000
Cus_1056,92000,82,0,Master,F,52000
Cus_1057,77000,39,0,College,F,33000
Cus_1058,101000,82,1,Bachelor,F,57000
Cus_1059,69000,48,0,Others,F,26000
Cus_1060,82000,78,0,Master,F,35000
Cus_1061,112000,63,0,Bachelor,M,54000
Cus_1062,42000,52,0,College,M,29000
Cus_1063,95000,49,0,College,F,28000
Cus_1064,113000,79,0,College,F,39000
Cus_1065,60000,36,0,Bachelor,F,23000
Cus_1066,113000,51,0,Bachelor,M,39000
Cus_1067,112000,66,0,Others,F,14000
Cus_1068,41000,53,0,College,F,27000
Cus_1069,99000,82,1,Bachelor,F,45000
Cus_1070,114000,50,1,Master,M,37000
Cus_1071,112000,60,0,Bachelor,F,20000
Cus_1072,44000,26,0,College,F,27000
Cus_1073,60000,80,0,College,M,26000
Cus_1074,59000,51,0,Others,F,25000
Cus_1075,97000,75,0,College,F,27000
Cus_1076,95000,59,0,Bachelor,F,16000
Cus_1077,100000,75,0,Bachelor,F,24000
Cus_1078,47000,77,0,College,M,41000
Cus_1079,61000,40,0,Bachelor,M,46000
Cus_1080,112000,32,0,Others,F,31000
Cus_1081,53000,75,1,Master,F,84000
Cus_1082,43000,76,0,College,M,30000
Cus_1083,58000,37,0,Master,M,51000
Cus_1084,45000,51,0,Others,F,20000
Cus_1085,56000,68,0,Others,F,42000
Cus_1086,114000,45,0,Bachelor,F,42000
Cus_1087,95000,46,0,Bachelor,F,47000
Cus_1088,79000,56,0,Bachelor,M,51000
Cus_1089,64000,49,0,College,F,30000
Cus_1090,114000,61,0,College,M,47000
Cus_1091,96000,69,0,Bachelor,F,43000
Cus_1092,111000,45,0,Others,M,38000
Cus_1093,114000,70,0,Bachelor,F,34000
Cus_1094,64000,68,0,College,F,34000
Cus_1095,82000,69,0,Others,M,66000
Cus_1096,81000,42,0,College,M,73000
Cus_1097,80000,40,0,College,F,38000
Cus_1098,41000,78,1,Bachelor,M,30000
Cus_1099,114000,42,0,College,F,30000
Cus_1100,113000,79,0,Master,F,35000
Cus_1101,48000,60,0,Others,F,18000
Cus_1102,81000,39,0,Master,F,43000
Cus_1103,79000,30,0,College,M,78000
Cus_1104,58000,39,0,Others,F,16000
Cus_1105,82000,74,0,College,F,36000
Cus_1107,94000,45,0,Bachelor,M,73000
Cus_1108,112000,52,0,College,M,90000
Cus_1109,98000,28,0,Others,F,44000
Cus_1110,68000,82,0,Bachelor,M,67000
Cus_1111,79000,26,0,Bachelor,F,26000
Cus_1112,65000,82,0,College,F,31000
Cus_1113,97000,45,0,College,M,52000
Cus_1114,81000,82,0,Master,M,36000
Cus_1115,80000,47,0,Master,M,44000
Cus_1116,79000,54,0,College,M,71000
Cus_1117,97000,28,0,Others,F,43000
Cus_1118,81000,43,0,College,F,27000
Cus_1119,42000,33,0,College,F,41000
Cus_1120,75000,68,0,Others,M,67000
Cus_1121,59000,46,0,Others,F,34000
Cus_1122,114000,82,0,Bachelor,F,57000
Cus_1123,83000,43,0,Master,M,47000
Cus_1124,53000,46,0,Others,F,32000
Cus_1125,99000,64,0,College,F,33000
Cus_1126,53000,28,0,Bachelor,F,45000
Cus_1127,80000,38,0,Master,F,22000
Cus_1128,72000,65,0,College,F,55000
Cus_1129,59000,82,0,College,M,18000
Cus_1130,49000,73,0,College,M,31000
Cus_1131,114000,36,0,College,F,29000
Cus_1132,113000,35,0,Bachelor,M,59000
Cus_1133,114000,78,1,Master,M,33000
Cus_1134,49000,48,0,College,F,31000
Cus_1135,115000,47,0,Others,M,72000
Cus_1136,114000,51,0,Others,F,20000
Cus_1137,45000,27,0,College,F,22000
Cus_1138,77000,59,0,College,F,26000
Cus_1139,114000,36,0,Master,F,48000
Cus_1140,114000,63,0,Bachelor,M,64000
Cus_1141,62000,35,0,College,M,54000
Cus_1142,48000,82,0,College,F,25000
Cus_1143,67000,82,0,Others,F,50000
Cus_1144,82000,25,0,Master,F,44000
Cus_1145,77000,61,0,College,M,39000
Cus_1146,95000,82,1,College,M,23000
Cus_1147,80000,26,0,Master,F,25000
Cus_1148,54000,50,0,Bachelor,M,26000
Cus_1149,54000,37,0,Others,M,43000
Cus_1150,113000,81,1,Others,M,63000
Cus_1151,82000,82,0,Others,F,31000
Cus_1152,101000,69,0,Bachelor,F,43000
Cus_1153,45000,43,0,Others,F,43000
Cus_1154,98000,40,0,College,M,59000
Cus_1155,72000,82,0,Others,M,28000
Cus_1156,77000,82,1,Master,M,36000
Cus_1157,53000,67,0,Bachelor,F,24000
Cus_1158,116000,43,0,Bachelor,F,26000
Cus_1159,69000,74,0,College,M,23000
Cus_1160,53000,42,0,Bachelor,F,29000
Cus_1161,47000,58,0,College,F,42000
Cus_1162,75000,74,0,Others,F,39000
Cus_1163,53000,31,0,College,F,2000
Cus_1164,115000,82,1,Master,M,40000
Cus_1165,81000,76,0,Bachelor,F,25000
Cus_1166,50000,58,0,Master,M,45000
Cus_1167,43000,42,0,Others,F,32000
Cus_1168,45000,55,0,Bachelor,M,34000
Cus_1169,113000,49,1,Master,F,74000
Cus_1170,75000,56,0,College,M,56000
Cus_1171,89000,40,0,Others,M,64000
Cus_1172,100000,39,0,Bachelor,M,73000
Cus_1173,66000,27,0,College,M,54000
Cus_1174,80000,76,1,Bachelor,F,70000
Cus_1175,50000,48,0,College,F,22000
Cus_1176,95000,49,1,Master,M,19000
Cus_1177,39000,36,0,College,F,18000
Cus_1178,96000,79,1,Master,M,37000
Cus_1180,65000,70,0,College,F,28000
Cus_1181,65000,76,0,College,F,18000
Cus_1182,114000,82,0,Bachelor,F,27000
Cus_1183,46000,58,0,Bachelor,F,32000
Cus_1184,50000,48,1,Master,M,33000
Cus_1185,60000,76,0,College,F,32000
Cus_1186,40000,73,0,Bachelor,F,5000
Cus_1187,99000,51,0,Master,F,33000
Cus_1188,66000,71,0,Others,F,42000
Cus_1189,69000,66,0,Bachelor,F,14000
Cus_1190,56000,82,0,College,F,32000
Cus_1191,72000,70,0,Bachelor,F,12000
Cus_1192,39000,47,0,College,F,39000
Cus_1193,92000,24,0,College,M,57000
Cus_1194,115000,35,0,Others,M,73000
Cus_1195,65000,46,0,Others,F,52000
Cus_1196,62000,48,0,Others,F,38000
Cus_1197,112000,78,0,Master,F,14000
Cus_1198,80000,26,0,College,F,19000
Cus_1199,38000,51,0,Bachelor,F,27000
Cus_1200,64000,82,0,College,M,53000
Cus_1201,75000,25,0,College,M,27000
Cus_1202,97000,77,0,College,F,29000
Cus_1203,97000,43,0,College,F,25000
Cus_1204,62000,50,0,Bachelor,F,26000
Cus_1205,78000,39,0,Others,F,29000
Cus_1206,78000,74,0,College,F,16000
Cus_1207,101000,41,1,Bachelor,M,36000
Cus_1208,51000,80,0,Master,F,16000
Cus_1209,92000,70,0,Others,F,39000
Cus_1210,100000,51,0,College,F,30000
Cus_1211,94000,59,0,Bachelor,F,15000
Cus_1212,76000,27,0,College,M,69000
Cus_1213,98000,57,0,Bachelor,M,63000
Cus_1214,97000,31,0,Others,M,51000
Cus_1215,114000,65,0,Bachelor,M,60000
Cus_1216,99000,32,0,College,M,86000
Cus_1217,39000,71,0,Others,M,8000
Cus_1218,98000,82,1,Bachelor,M,32000
Cus_1219,51000,82,1,Master,M,26000
Cus_1220,113000,43,0,Bachelor,F,26000
Cus_1221,94000,72,0,Bachelor,F,49000
Cus_1222,63000,60,0,Bachelor,F,58000
Cus_1223,68000,36,1,Master,M,64000
Cus_1224,113000,65,0,College,F,22000
Cus_1225,33000,44,0,College,M,6000
Cus_1226,95000,76,1,Master,F,59000
Cus_1227,95000,72,1,College,M,41000
Cus_1228,51000,50,0,Others,M,41000
Cus_1229,43000,72,1,Master,M,47000
Cus_1230,63000,54,0,College,M,59000
Cus_1231,42000,24,0,Others,F,28000
Cus_1232,80000,82,0,Others,F,43000
Cus_1233,82000,49,0,College,M,52000
Cus_1234,97000,82,0,College,F,51000
Cus_1235,44000,65,0,Bachelor,M,40000
Cus_1236,37000,51,0,College,M,5000
Cus_1237,113000,76,0,Others,F,35000
Cus_1238,95000,70,1,Master,F,87000
Cus_1239,95000,75,1,College,M,73000
Cus_1240,78000,82,0,College,F,36000
Cus_1241,95000,78,1,Others,F,35000
Cus_1242,113000,58,0,College,F,39000
Cus_1243,75000,54,0,Bachelor,F,36000
Cus_1244,94000,82,1,College,F,67000
Cus_1245,75000,62,0,Bachelor,F,18000
Cus_1246,75000,68,1,Bachelor,M,45000
Cus_1247,100000,82,0,College,M,48000
Cus_1248,60000,53,1,Master,F,40000
Cus_1250,52000,30,0,College,M,26000
Cus_1251,59000,28,0,College,M,53000
Cus_1252,99000,48,0,Bachelor,F,28000
Cus_1253,61000,39,0,Bachelor,M,53000
Cus_1254,95000,82,0,College,F,36000
Cus_1255,99000,82,0,College,F,43000
Cus_1257,77000,54,0,College,F,19000
Cus_1258,80000,60,0,Bachelor,F,23000
Cus_1259,113000,82,0,Others,M,39000
Cus_1260,65000,82,0,Bachelor,F,16000
Cus_1261,115000,60,1,Bachelor,F,85000
Cus_1262,97000,56,0,Others,F,51000
Cus_1263,95000,72,0,College,F,34000
Cus_1264,114000,82,0,Bachelor,M,62000
Cus_1265,94000,55,0,Others,F,35000
Cus_1266,112000,49,0,College,F,38000
Cus_1267,45000,50,0,College,M,9000
Cus_1268,59000,76,0,Bachelor,F,45000
Cus_1269,60000,78,0,College,F,19000
Cus_1270,43000,67,0,Bachelor,M,7000
Cus_1271,64000,81,0,Others,F,36000
Cus_1272,81000,82,0,Others,M,32000
Cus_1273,78000,37,0,Bachelor,M,44000
Cus_1274,97000,60,0,College,F,11000
Cus_1275,75000,48,0,College,F,35000
Cus_1276,68000,81,0,Bachelor,M,29000
Cus_1277,112000,76,0,College,M,63000
Cus_1278,31000,81,0,Others,F,18000
Cus_1279,55000,36,0,College,F,20000
Cus_1280,114000,82,0,College,F,24000
Cus_1281,62000,38,0,Others,F,25000
Cus_1282,74000,45,0,College,F,38000
Cus_1283,78000,35,0,Bachelor,M,45000
Cus_1284,111000,59,0,College,M,55000
Cus_1285,98000,72,0,Bachelor,M,40000
Cus_1286,60000,82,1,College,M,41000
Cus_1287,45000,82,0,Bachelor,M,35000
Cus_1288,60000,33,0,Bachelor,F,19000
Cus_1289,56000,44,0,Bachelor,M,17000
Cus_1290,43000,54,0,College,F,37000
Cus_1291,37000,82,0,Bachelor,F,22000
Cus_1292,59000,52,0,College,F,28000
Cus_1294,114000,41,0,College,M,39000
Cus_1295,92000,53,0,College,M,57000
Cus_1296,113000,82,1,Master,M,35000
Cus_1297,39000,78,0,Bachelor,M,36000
Cus_1298,79000,82,0,Others,F,31000
Cus_1299,113000,53,0,College,F,23000
Cus_1300,111000,53,0,Bachelor,M,92000
Cus_1301,35000,58,0,Others,F,6000
Cus_1302,52000,39,0,Bachelor,F,21000
Cus_1303,94000,82,0,Bachelor,F,39000
Cus_1304,42000,73,0,College,M,13000
Cus_1305,55000,62,1,Bachelor,M,34000
Cus_1306,63000,35,0,Bachelor,F,33000
Cus_1307,115000,35,0,Master,F,39000
Cus_1308,82000,82,0,Bachelor,F,34000
Cus_1309,97000,28,0,Bachelor,F,45000
Cus_1310,80000,26,0,College,F,41000
Cus_1311,114000,82,0,Bachelor,F,24000
Cus_1312,114000,39,0,College,F,46000
Cus_1313,63000,61,0,Master,M,59000
Cus_1314,79000,82,1,College,M,40000
Cus_1316,93000,82,0,College,M,74000
Cus_1317,112000,44,0,College,M,45000
Cus_1318,99000,69,0,College,M,53000
Cus_1319,78000,73,0,Others,M,35000
Cus_1320,99000,37,0,Bachelor,F,16000
Cus_1321,64000,24,0,Bachelor,F,48000
Cus_1322,99000,75,0,College,F,40000
Cus_1323,38000,61,1,College,F,96000
Cus_1324,113000,32,0,Bachelor,F,32000
Cus_1325,94000,62,0,Bachelor,M,29000
Cus_1326,55000,54,0,College,F,12000
Cus_1327,50000,49,0,Master,M,30000
Cus_1328,95000,66,1,Master,M,27000
Cus_1329,98000,32,0,College,F,46000
Cus_1330,77000,55,0,College,F,8000
Cus_1331,85000,82,0,Master,F,25000
Cus_1332,78000,68,0,College,F,38000
Cus_1333,113000,77,0,Others,M,43000
Cus_1334,33000,53,0,Bachelor,M,27000
Cus_1335,61000,26,0,Bachelor,F,24000
Cus_1336,97000,78,0,College,F,30000
Cus_1337,113000,71,0,Others,M,69000
Cus_1338,44000,82,0,Others,M,37000
Cus_1339,82000,36,0,Master,F,27000
Cus_1340,53000,80,0,College,F,32000
Cus_1341,63000,40,0,College,F,41000
Cus_1342,49000,28,0,College,M,29000
Cus_1343,50000,37,0,College,F,26000
Cus_1344,94000,55,0,College,F,37000
Cus_1345,100000,29,0,College,F,54000
Cus_1346,62000,77,0,Bachelor,M,49000
Cus_1347,113000,30,0,Bachelor,F,32000
Cus_1348,41000,70,0,Bachelor,F,32000
Cus_1349,76000,78,1,Master,M,44000
Cus_1350,99000,42,0,Bachelor,F,34000
Cus_1351,59000,44,0,Others,F,35000
Cus_1352,64000,71,0,Others,F,35000
Cus_1353,97000,31,1,Others,F,43000
Cus_1354,43000,63,0,Bachelor,M,13000
Cus_1355,52000,58,0,Others,F,27000
Cus_1356,96000,56,0,Bachelor,F,21000
Cus_1357,49000,36,0,Master,F,27000
Cus_1358,64000,30,0,Bachelor,F,45000
Cus_1359,67000,82,0,Master,M,48000
Cus_1360,76000,37,0,Bachelor,F,24000
Cus_1361,96000,40,0,Bachelor,F,29000
Cus_1362,95000,82,0,Bachelor,F,26000
Cus_1363,59000,43,0,Others,F,38000
Cus_1364,68000,82,0,College,F,28000
Cus_1365,99000,39,0,Bachelor,M,70000
Cus_1366,98000,77,1,Others,M,39000
Cus_1367,84000,72,0,Bachelor,F,44000
Cus_1368,114000,47,0,Others,F,28000
Cus_1369,48000,82,0,Master,F,26000
Cus_1370,62000,60,0,College,M,12000
Cus_1371,65000,43,1,College,F,62000
Cus_1372,94000,73,1,Bachelor,F,75000
Cus_1373,101000,49,0,Bachelor,M,100000
Cus_1374,113000,24,0,College,F,22000
Cus_1375,114000,55,0,Others,F,24000
Cus_1376,113000,76,1,College,M,46000
Cus_1377,114000,42,0,Bachelor,M,40000
Cus_1378,99000,58,0,Bachelor,F,31000
Cus_1379,77000,69,0,Master,F,58000
Cus_1380,94000,52,0,College,M,57000
Cus_1381,74000,77,0,Master,F,37000
Cus_1382,41000,61,0,Master,M,7000
Cus_1383,67000,50,0,Others,F,11000
Cus_1384,97000,82,0,Others,F,29000
Cus_1385,83000,48,0,Bachelor,F,36000
Cus_1386,79000,67,0,College,M,71000
Cus_1387,64000,82,0,Bachelor,M,2000
Cus_1388,96000,64,0,Bachelor,M,64000
Cus_1389,61000,82,1,College,M,42000
Cus_1390,60000,82,0,Bachelor,M,58000
Cus_1391,45000,26,0,Others,M,38000
Cus_1392,113000,66,0,College,M,40000
Cus_1393,79000,70,1,College,F,25000
Cus_1394,49000,27,0,College,F,34000
Cus_1395,64000,46,0,Others,M,46000
Cus_1396,72000,34,0,College,F,34000
Cus_1397,84000,82,0,College,F,43000
Cus_1398,110000,82,0,Others,F,37000
Cus_1399,99000,29,0,Bachelor,M,51000
Cus_1400,38000,71,0,Master,M,7000
Cus_1401,36000,71,0,Others,M,6000
Cus_1402,80000,82,0,College,F,32000
Cus_1403,75000,70,0,College,F,25000
Cus_1404,56000,35,0,College,M,11000
Cus_1405,81000,58,0,College,F,15000
Cus_1406,57000,62,0,Bachelor,F,3000
Cus_1407,98000,73,0,College,F,20000
Cus_1408,67000,76,0,Master,F,10000
Cus_1409,49000,64,0,Bachelor,F,36000
Cus_1410,93000,82,1,Bachelor,M,44000
Cus_1411,93000,49,0,Bachelor,M,65000
Cus_1412,84000,70,0,College,M,31000
Cus_1413,67000,82,0,Others,M,26000
Cus_1414,115000,82,1,Master,F,66000
Cus_1415,46000,49,0,College,F,37000
Cus_1416,114000,64,0,College,F,4000
Cus_1417,71000,68,0,Bachelor,M,39000
Cus_1418,95000,82,0,Bachelor,M,93000
Cus_1419,62000,52,0,Bachelor,F,25000
Cus_1420,49000,43,0,College,M,39000
Cus_1421,79000,26,0,Master,M,51000
Cus_1422,84000,41,0,Others,F,30000
Cus_1423,112000,63,0,Bachelor,M,76000
Cus_1424,60000,82,0,Bachelor,F,18000
Cus_1425,63000,28,0,Bachelor,F,33000
Cus_1426,94000,38,0,College,M,87000
Cus_1427,57000,78,0,Bachelor,M,44000
Cus_1428,111000,46,0,College,F,26000
Cus_1429,58000,29,0,Bachelor,F,30000
Cus_1430,59000,67,0,College,M,57000
Cus_1431,112000,29,0,College,F,42000
Cus_1432,76000,53,0,College,M,49000
Cus_1433,45000,80,0,Others,F,23000
Cus_1434,97000,38,0,College,M,87000
Cus_1435,44000,55,0,College,F,21000
Cus_1436,112000,49,0,Master,F,27000
Cus_1437,96000,45,1,Bachelor,F,83000
Cus_1438,43000,42,0,College,F,33000
Cus_1439,77000,78,0,Others,M,60000
Cus_1440,81000,64,0,Bachelor,M,54000
Cus_1441,64000,34,0,Master,F,32000
Cus_1442,76000,81,1,Bachelor,M,42000
Cus_1443,113000,56,0,Bachelor,F,29000
Cus_1444,100000,33,0,Bachelor,F,29000
Cus_1445,47000,44,0,Bachelor,M,45000
Cus_1446,40000,32,0,College,M,32000
Cus_1447,53000,47,0,College,F,33000
Cus_1448,97000,52,0,College,F,32000
Cus_1449,97000,49,0,Others,M,61000
Cus_1450,43000,66,0,Others,M,8000
Cus_1451,75000,58,0,Others,F,39000
Cus_1452,67000,47,0,College,F,27000
Cus_1453,47000,67,0,Master,F,33000
Cus_1454,66000,66,0,Others,F,44000
Cus_1455,113000,82,0,Bachelor,F,32000
Cus_1456,94000,70,0,College,M,91000
Cus_1457,113000,47,0,College,F,51000
Cus_1458,45000,78,0,Bachelor,F,17000
Cus_1459,39000,32,0,Master,M,20000
Cus_1460,99000,44,0,Others,F,38000
Cus_1461,56000,76,0,College,F,32000
Cus_1462,110000,71,0,College,F,38000
Cus_1463,63000,34,0,Bachelor,M,2000
Cus_1464,57000,51,0,College,F,17000
Cus_1465,71000,47,0,College,M,58000
Cus_1466,47000,82,0,Bachelor,M,29000
Cus_1467,93000,46,0,College,F,30000
Cus_1468,102000,66,1,Bachelor,F,46000
Cus_1469,56000,47,0,College,M,20000
Cus_1470,101000,46,0,Master,M,28000
Cus_1471,40000,52,1,Bachelor,M,28000
Cus_1472,78000,56,0,College,F,27000
Cus_1473,114000,48,0,College,M,52000
Cus_1474,99000,53,0,Bachelor,M,57000
Cus_1476,64000,60,0,Master,F,45000
Cus_1477,58000,29,0,Master,F,38000
Cus_1478,81000,25,0,Bachelor,F,19000
Cus_1479,80000,64,0,Bachelor,F,31000
Cus_1480,31000,82,0,College,F,25000
Cus_1481,73000,82,0,Others,M,69000
Cus_1482,73000,68,0,Bachelor,F,30000
Cus_1483,115000,65,0,Bachelor,M,40000
Cus_1484,79000,82,1,Master,M,52000
Cus_1485,48000,37,0,Bachelor,M,24000
Cus_1486,112000,42,0,Bachelor,M,85000
Cus_1487,64000,34,0,Others,F,20000
Cus_1488,49000,57,0,College,M,43000
Cus_1489,113000,82,1,College,M,18000
Cus_1490,112000,31,0,College,F,30000
Cus_1491,82000,36,0,Others,M,75000
Cus_1492,77000,33,0,College,F,29000
Cus_1493,62000,44,0,College,M,54000
Cus_1494,79000,62,0,College,M,46000
Cus_1495,84000,75,1,College,M,52000
Cus_1496,77000,39,0,College,F,42000
Cus_1497,112000,80,0,Bachelor,M,61000
Cus_1498,52000,41,0,Bachelor,F,36000
Cus_1499,81000,57,0,Bachelor,M,40000
Cus_1500,39000,25,0,Bachelor,M,32000
Cus_1501,44000,63,0,Bachelor,M,29000
Cus_1502,97000,36,0,Bachelor,F,39000
Cus_1503,59000,71,0,Master,F,22000
Cus_1504,95000,35,0,Bachelor,F,38000
Cus_1505,64000,33,0,College,M,27000
Cus_1506,112000,72,1,Master,F,56000
Cus_1507,52000,72,0,College,F,29000
Cus_1508,67000,59,0,Others,M,54000
Cus_1509,40000,43,0,Bachelor,F,38000
Cus_1510,96000,59,0,Others,F,15000
Cus_1511,96000,56,0,Bachelor,F,38000
Cus_1512,81000,75,0,Master,M,72000
Cus_1513,66000,52,0,Others,F,36000
Cus_1514,79000,64,1,College,M,48000
Cus_1515,99000,74,0,Bachelor,M,72000
Cus_1516,68000,74,0,Others,M,43000
Cus_1517,114000,82,1,Master,M,61000
Cus_1518,113000,53,0,Master,M,59000
Cus_1519,44000,82,0,Bachelor,F,14000
Cus_1520,93000,56,0,College,F,33000
Cus_1521,43000,82,0,College,M,24000
Cus_1522,92000,82,0,College,F,19000
Cus_1523,55000,46,0,Others,F,21000
Cus_1524,93000,82,0,Others,F,38000
Cus_1525,38000,82,0,College,M,11000
Cus_1526,75000,40,1,Bachelor,F,42000
Cus_1527,40000,81,0,College,M,13000
Cus_1528,69000,76,0,Bachelor,F,16000
Cus_1529,36000,81,0,Others,M,34000
Cus_1530,81000,56,0,Master,F,35000
Cus_1531,95000,77,0,Bachelor,F,32000
Cus_1532,51000,55,0,Master,F,20000
Cus_1533,95000,72,0,College,F,39000
Cus_1534,78000,50,0,Others,F,51000
Cus_1535,77000,82,0,Master,M,62000
Cus_1536,98000,36,0,Master,F,27000
Cus_1537,65000,66,0,Others,F,33000
Cus_1538,78000,78,0,Others,F,26000
Cus_1539,75000,62,0,College,F,42000
Cus_1540,111000,51,0,Others,F,31000
Cus_1541,63000,82,0,Bachelor,F,5000
Cus_1542,94000,82,0,Master,M,15000
Cus_1543,40000,82,0,College,F,32000
Cus_1544,114000,62,0,Bachelor,F,19000
Cus_1545,84000,46,0,Bachelor,F,25000
Cus_1546,55000,82,0,Others,M,3000
Cus_1547,93000,26,0,College,M,53000
Cus_1548,100000,82,0,Master,F,26000
Cus_1549,82000,52,1,Others,F,65000
Cus_1550,42000,26,0,Others,M,37000
Cus_1551,115000,82,1,Bachelor,F,25000
Cus_1552,63000,82,1,Bachelor,M,53000
Cus_1553,43000,61,0,College,F,38000
Cus_1554,99000,59,0,Bachelor,M,84000
Cus_1555,49000,82,0,Master,M,47000
Cus_1556,71000,39,1,Bachelor,M,58000
Cus_1557,113000,38,0,College,F,19000
Cus_1558,56000,72,0,College,F,20000
Cus_1559,46000,67,0,Bachelor,F,36000
Cus_1560,51000,34,0,College,M,30000
Cus_1561,70000,41,0,College,M,70000
Cus_1562,93000,36,0,College,M,71000
Cus_1563,58000,27,0,Others,M,23000
Cus_1564,65000,50,1,Others,M,52000
Cus_1565,56000,65,0,Bachelor,M,33000
Cus_1566,115000,54,0,Master,M,42000
Cus_1567,111000,32,0,College,M,89000
Cus_1568,80000,42,0,Bachelor,F,35000
Cus_1569,112000,32,0,Others,F,20000
Cus_1570,60000,32,0,College,M,41000
Cus_1571,96000,33,0,Others,F,32000
Cus_1572,35000,76,0,Master,M,20000
Cus_1573,82000,30,0,Bachelor,F,12000
Cus_1574,55000,42,0,College,M,46000
Cus_1575,112000,34,0,College,F,27000
Cus_1576,46000,82,0,Bachelor,F,24000
Cus_1577,78000,65,0,College,F,50000
Cus_1578,63000,43,0,Bachelor,M,14000
Cus_1579,98000,67,0,Bachelor,F,44000
Cus_1580,55000,77,0,Bachelor,M,53000
Cus_1581,62000,71,0,Others,M,28000
Cus_1582,51000,67,0,Master,F,36000
Cus_1583,34000,61,0,Others,M,2000
Cus_1584,86000,60,0,Bachelor,M,46000
Cus_1585,45000,75,1,Bachelor,F,81000
Cus_1586,64000,75,1,Bachelor,M,45000
Cus_1587,48000,30,0,College,M,0
Cus_1588,94000,25,0,Bachelor,F,38000
Cus_1589,93000,82,0,College,F,39000
Cus_1590,61000,29,0,Bachelor,F,20000
Cus_1591,114000,35,0,Master,F,33000
Cus_1592,61000,49,0,Bachelor,F,22000
Cus_1593,63000,82,0,College,F,26000
Cus_1594,62000,44,0,College,M,49000
Cus_1595,76000,82,0,Others,F,37000
Cus_1596,67000,74,0,Others,F,28000
Cus_1597,100000,40,0,Others,M,72000
Cus_1598,46000,78,0,Bachelor,F,39000
Cus_1599,94000,82,1,Master,M,52000
Cus_1600,99000,75,0,Bachelor,F,48000
Cus_1601,115000,49,0,Bachelor,F,19000
Cus_1602,82000,76,0,Bachelor,M,60000
Cus_1603,46000,82,1,Bachelor,M,48000
Cus_1604,101000,62,0,College,M,48000
Cus_1605,36000,52,0,College,M,4000
Cus_1606,38000,62,0,Bachelor,F,12000
Cus_1607,51000,82,0,Bachelor,M,46000
Cus_1608,98000,34,0,College,M,38000
Cus_1609,41000,29,0,Others,M,17000
Cus_1610,56000,25,0,College,M,3000
Cus_1611,49000,64,0,College,M,25000
Cus_1612,83000,27,0,College,F,30000
Cus_1613,98000,82,0,College,M,83000
Cus_1614,88000,82,0,Bachelor,M,56000
Cus_1615,113000,67,0,Bachelor,F,40000
Cus_1616,98000,25,0,College,F,20000
Cus_1617,35000,41,0,Bachelor,F,32000
Cus_1618,64000,40,0,Others,M,14000
Cus_1619,93000,82,1,Bachelor,F,75000
Cus_1620,116000,69,0,Others,F,37000
Cus_1621,66000,82,0,Others,F,34000
Cus_1622,54000,41,0,College,M,11000
Cus_1623,58000,45,0,College,M,56000
Cus_1624,114000,82,0,Others,F,34000
Cus_1625,78000,72,0,Bachelor,M,23000
Cus_1626,77000,64,0,Bachelor,M,75000
Cus_1627,73000,41,0,Bachelor,M,65000
Cus_1628,74000,82,0,Others,F,24000
Cus_1629,95000,57,0,Bachelor,M,62000
Cus_1630,95000,44,0,College,F,39000
Cus_1631,62000,59,0,Others,F,33000
Cus_1632,32000,44,0,College,M,21000
Cus_1633,114000,69,0,Others,F,38000
Cus_1634,45000,41,0,College,M,18000
Cus_1635,48000,69,0,Bachelor,M,48000
Cus_1636,37000,26,0,College,M,16000
Cus_1637,65000,76,0,College,F,39000
Cus_1638,97000,25,0,College,F,15000
Cus_1639,41000,61,0,College,F,24000
Cus_1640,44000,74,0,Others,M,40000
Cus_1641,111000,60,0,Bachelor,M,36000
Cus_1642,97000,34,0,Bachelor,F,57000
Cus_1643,43000,40,0,Others,F,9000
Cus_1644,74000,71,0,Others,F,1000
Cus_1645,114000,75,1,Master,M,60000
Cus_1646,38000,56,0,College,M,26000
Cus_1647,67000,82,1,College,M,57000
Cus_1648,64000,46,0,Others,F,23000
Cus_1649,114000,67,1,Bachelor,M,35000
Cus_1650,44000,71,0,College,F,29000
Cus_1651,43000,82,0,Master,M,31000
Cus_1652,67000,39,0,Others,M,54000
Cus_1653,113000,82,0,Others,F,30000
Cus_1654,56000,68,0,Others,M,50000
Cus_1655,94000,75,0,Others,M,72000
Cus_1656,62000,25,0,Bachelor,M,11000
Cus_1657,48000,50,0,College,F,34000
Cus_1658,74000,43,0,College,M,68000
Cus_1659,34000,35,0,Others,M,30000
Cus_1660,88000,53,0,Bachelor,M,65000
Cus_1661,99000,35,0,Bachelor,F,51000
Cus_1662,113000,59,0,Bachelor,M,46000
Cus_1664,75000,29,0,Bachelor,F,38000
Cus_1665,80000,48,0,Bachelor,F,29000
Cus_1666,93000,61,0,Bachelor,F,37000
Cus_1667,71000,82,0,Bachelor,F,40000
Cus_1668,76000,60,0,College,M,67000
Cus_1669,95000,75,0,Master,M,55000
Cus_1670,61000,67,0,Master,F,35000
Cus_1671,99000,24,0,Others,F,40000
Cus_1672,96000,24,0,Others,M,90000
Cus_1673,114000,72,1,Bachelor,M,25000
Cus_1674,41000,27,0,Others,M,30000
Cus_1675,76000,57,0,Others,F,30000
Cus_1676,112000,37,0,College,F,20000
Cus_1677,42000,35,0,Master,M,3000
Cus_1678,78000,82,0,Others,M,35000
Cus_1679,61000,57,0,Bachelor,F,28000
Cus_1680,69000,52,0,Bachelor,F,50000
Cus_1681,97000,67,0,Master,F,29000
Cus_1682,77000,68,0,Bachelor,F,26000
Cus_1683,78000,27,0,College,M,20000
Cus_1684,111000,39,0,College,F,34000
Cus_1685,53000,82,0,College,M,32000
Cus_1686,77000,82,0,College,F,39000
Cus_1687,72000,31,0,Bachelor,F,27000
Cus_1688,95000,28,0,Bachelor,F,53000
Cus_1689,100000,82,0,College,F,42000
Cus_1690,79000,67,0,Bachelor,F,54000
Cus_1691,43000,52,0,Bachelor,F,36000
Cus_1692,61000,79,0,College,F,28000
Cus_1693,41000,50,0,College,F,32000
Cus_1694,98000,66,0,Bachelor,M,35000
Cus_1695,79000,43,0,Bachelor,M,47000
Cus_1696,43000,67,0,College,M,24000
Cus_1697,46000,76,0,Bachelor,M,21000
Cus_1698,65000,44,0,College,M,9000
Cus_1699,54000,82,0,College,F,19000
Cus_1700,112000,37,0,Bachelor,M,78000
Cus_1701,112000,47,0,College,F,38000
Cus_1702,93000,46,0,Bachelor,F,33000
Cus_1703,57000,37,0,Others,F,33000
Cus_1704,114000,67,0,Master,F,35000
Cus_1705,96000,28,0,Bachelor,F,33000
Cus_1706,98000,31,0,College,F,29000
Cus_1707,114000,82,0,College,F,43000
Cus_1708,47000,43,0,College,F,43000
Cus_1709,75000,31,0,Bachelor,F,20000
Cus_1710,54000,78,0,Bachelor,M,34000
Cus_1711,41000,69,0,Others,F,16000
Cus_1712,97000,61,0,Bachelor,M,82000
Cus_1713,115000,80,1,Bachelor,M,41000
Cus_1714,66000,73,0,Others,M,42000
Cus_1715,46000,50,0,Bachelor,F,31000
Cus_1716,97000,53,0,College,F,18000
Cus_1717,54000,48,1,Others,M,38000
Cus_1718,69000,37,0,Others,F,22000
Cus_1719,62000,77,0,Others,M,19000
Cus_1720,115000,58,0,Others,F,41000
Cus_1721,113000,75,1,College,F,45000
Cus_1722,80000,82,0,Bachelor,F,26000
Cus_1723,35000,59,0,Master,M,31000
Cus_1724,60000,57,0,College,M,9000
Cus_1725,62000,69,0,Master,F,34000
Cus_1726,80000,56,0,College,F,40000
Cus_1727,64000,42,0,College,F,37000
Cus_1728,96000,44,0,Bachelor,M,52000
Cus_1729,113000,40,0,Others,M,53000
Cus_1730,62000,59,1,Others,F,58000
Cus_1731,117000,76,0,Bachelor,M,46000
Cus_1732,94000,41,0,College,M,69000
Cus_1733,82000,82,0,Bachelor,M,40000
Cus_1734,60000,82,0,Others,M,31000
Cus_1735,75000,62,0,Bachelor,M,48000
Cus_1736,44000,69,0,College,F,6000
Cus_1737,50000,61,0,College,M,33000
Cus_1738,79000,65,0,Bachelor,F,25000
Cus_1739,65000,56,0,Bachelor,F,53000
Cus_1740,67000,78,0,Bachelor,F,41000
Cus_1741,51000,59,0,College,F,19000
Cus_1742,73000,82,0,Others,F,12000
Cus_1743,54000,63,0,College,F,39000
Cus_1744,48000,25,0,College,M,13000
Cus_1745,113000,68,0,Bachelor,F,46000
Cus_1746,62000,45,0,Others,F,34000
Cus_1747,113000,81,0,Master,F,22000
Cus_1748,114000,82,1,Bachelor,M,17000
Cus_1749,80000,58,1,Bachelor,F,52000
Cus_1750,81000,79,0,Master,M,51000
Cus_1751,98000,62,0,College,M,68000
Cus_1752,80000,65,0,College,M,48000
Cus_1753,94000,45,0,Others,M,46000
Cus_1754,37000,42,0,College,F,17000
Cus_1755,64000,82,0,Master,F,28000
Cus_1756,62000,59,0,College,F,35000
Cus_1757,111000,39,0,Bachelor,F,26000
Cus_1758,60000,82,0,College,M,51000
Cus_1759,96000,82,0,Others,M,78000
Cus_1760,113000,68,0,College,M,52000
Cus_1761,45000,82,0,Bachelor,M,4000
Cus_1762,52000,28,0,College,F,27000
Cus_1763,113000,31,0,College,F,57000
Cus_1764,53000,51,0,College,M,52000
Cus_1765,56000,66,0,Bachelor,F,30000
Cus_1766,105000,41,0,Master,M,56000
Cus_1767,80000,41,0,Others,M,71000
Cus_1768,112000,79,1,Master,M,70000
Cus_1769,49000,75,0,Others,F,21000
Cus_1770,76000,74,0,Bachelor,F,43000
Cus_1771,65000,40,0,College,F,54000
Cus_1772,113000,79,0,Others,F,30000
Cus_1773,97000,41,0,Others,F,27000
Cus_1774,93000,63,0,Master,F,18000
Cus_1775,43000,29,0,Others,F,28000
Cus_1776,39000,56,0,Master,F,33000
Cus_1777,52000,38,0,Bachelor,M,42000
Cus_1778,97000,57,1,Bachelor,M,47000
Cus_1779,45000,82,0,Bachelor,M,23000
Cus_1780,44000,64,1,College,M,33000
Cus_1781,45000,81,0,Bachelor,M,43000
Cus_1783,53000,59,0,College,F,41000
Cus_1784,62000,74,1,College,M,33000
Cus_1785,41000,30,0,Bachelor,M,26000
Cus_1786,98000,51,0,College,M,92000
Cus_1787,113000,33,0,College,F,45000
Cus_1788,37000,64,0,Bachelor,F,27000
Cus_1789,39000,75,0,Bachelor,F,33000
Cus_1790,65000,34,0,Others,F,41000
Cus_1791,72000,60,0,Others,F,41000
Cus_1792,115000,82,0,Others,M,56000
Cus_1793,82000,55,0,Bachelor,M,73000
Cus_1794,98000,40,0,Others,F,26000
Cus_1795,38000,33,0,College,M,36000
Cus_1796,44000,49,0,Others,M,22000
Cus_1797,77000,57,0,Bachelor,F,31000
Cus_1798,76000,39,0,Others,F,38000
Cus_1799,69000,43,0,College,M,39000
Cus_1800,39000,53,0,Bachelor,M,18000
Cus_1801,48000,80,0,Bachelor,F,36000
Cus_1802,49000,80,0,Others,F,10000
Cus_1803,114000,55,1,Master,F,86000
Cus_1804,114000,71,1,Bachelor,F,68000
Cus_1805,66000,50,0,Bachelor,M,43000
Cus_1806,113000,80,1,Bachelor,M,39000
Cus_1807,113000,56,0,Master,M,40000
Cus_1808,98000,76,1,Bachelor,M,50000
Cus_1809,112000,49,0,Bachelor,M,52000
Cus_1810,71000,82,0,College,M,62000
Cus_1811,48000,56,0,Others,F,37000
Cus_1812,113000,52,0,College,M,76000
Cus_1813,57000,39,0,Others,F,37000
Cus_1814,83000,56,0,College,F,30000
Cus_1815,75000,52,0,Bachelor,M,73000
Cus_1816,59000,82,0,Others,M,14000
Cus_1817,97000,32,0,College,M,84000
Cus_1818,56000,34,0,Others,M,40000
Cus_1819,73000,82,1,College,F,52000
Cus_1820,64000,60,0,College,F,19000
Cus_1821,95000,47,0,College,F,22000
Cus_1822,113000,82,0,College,F,9000
Cus_1823,61000,35,0,College,F,26000
Cus_1824,78000,70,0,Bachelor,F,27000
Cus_1825,49000,71,0,College,F,30000
Cus_1826,67000,37,0,Bachelor,M,58000
Cus_1827,60000,25,0,Others,M,4000
Cus_1828,85000,74,0,College,F,21000
Cus_1829,64000,37,0,Others,F,25000
Cus_1830,60000,82,0,Master,F,37000
Cus_1831,70000,51,0,College,M,61000
Cus_1832,78000,33,0,Others,M,54000
Cus_1833,96000,45,1,Bachelor,M,35000
Cus_1834,100000,82,1,Bachelor,F,66000
Cus_1835,78000,55,0,College,F,25000
Cus_1836,87000,66,0,Others,F,28000
Cus_1837,39000,78,0,Bachelor,M,39000
Cus_1838,95000,82,0,College,M,86000
Cus_1839,40000,78,0,Others,F,26000
Cus_1840,112000,63,0,Bachelor,F,30000
Cus_1841,64000,66,0,Others,M,42000
Cus_1842,35000,82,0,Bachelor,F,13000
Cus_1843,95000,82,0,College,M,54000
Cus_1844,70000,82,1,Bachelor,M,64000
Cus_1845,84000,57,0,College,F,45000
Cus_1846,94000,45,0,College,F,40000
Cus_1847,40000,34,0,College,F,32000
Cus_1848,112000,39,0,Master,F,43000
Cus_1849,67000,58,0,College,F,25000
Cus_1850,46000,76,0,Bachelor,F,35000
Cus_1851,78000,59,0,Bachelor,F,28000
Cus_1852,58000,62,0,Master,F,43000
Cus_1853,75000,40,0,Bachelor,F,27000
Cus_1854,51000,44,1,Bachelor,M,44000
Cus_1855,66000,82,1,Bachelor,M,23000
Cus_1856,56000,57,0,Others,F,51000
Cus_1858,83000,38,0,Master,F,41000
Cus_1859,90000,33,0,Bachelor,F,47000
Cus_1860,59000,45,0,Others,M,53000
Cus_1861,97000,82,0,College,M,48000
Cus_1862,115000,37,0,College,M,71000
Cus_1863,98000,68,0,Master,M,48000
Cus_1864,93000,54,1,College,F,75000
Cus_1865,47000,77,1,Master,M,28000
Cus_1866,44000,75,0,Bachelor,F,27000
Cus_1867,97000,54,0,College,M,61000
Cus_1868,62000,35,0,Others,F,14000
Cus_1869,78000,58,0,Master,M,64000
Cus_1870,45000,74,0,College,F,42000
Cus_1871,95000,82,0,Bachelor,M,79000
Cus_1872,60000,48,0,Others,F,30000
Cus_1873,113000,82,0,Bachelor,M,45000
Cus_1874,112000,45,0,Bachelor,F,35000
Cus_1875,58000,62,0,Others,M,52000
Cus_1876,81000,72,0,Others,M,59000
Cus_1877,115000,25,0,Master,M,70000
Cus_1878,112000,64,0,Master,F,30000
Cus_1879,96000,35,0,College,F,33000
Cus_1880,99000,29,1,Master,M,25000
Cus_1881,74000,79,1,Others,M,51000
Cus_1882,96000,82,1,Bachelor,F,50000
Cus_1883,63000,81,0,Bachelor,F,24000
Cus_1884,96000,66,0,College,M,78000
Cus_1885,62000,78,0,Others,F,36000
Cus_1886,73000,34,0,Bachelor,F,18000
Cus_1887,57000,24,0,Bachelor,F,34000
Cus_1888,56000,68,0,Others,M,10000
Cus_1889,113000,35,0,Bachelor,F,46000
Cus_1890,63000,82,0,Master,F,22000
Cus_1891,35000,82,0,College,M,27000
Cus_1892,111000,38,0,Bachelor,M,74000
Cus_1893,69000,76,0,College,F,32000
Cus_1894,57000,40,1,College,M,48000
Cus_1895,112000,35,0,Bachelor,F,24000
Cus_1896,112000,26,0,College,F,39000
Cus_1897,40000,62,0,Bachelor,M,24000
Cus_1898,113000,69,0,Bachelor,F,39000
